count,word
163,RT
159,笑
135,http
73,ー
40,松島
31,Д
27,けいと
24,ww
23,www
20,大丈夫
19,まじ
17,ゆか
17,ティム
14,東京
14,めちゃくちゃ
13,fp
12,onakasuitappi
12,だめ
12,元気
12,好き
12,カリカリ
11,wwww
11,大好き
9,完全
9,普通
9,長町
9,馬鹿
8,T
8,youtube
8,嫌
8,いや
8,ふじ
8,幸せ
8,常盤木
7,Web
7,変
7,みほ
7,仙台
7,小嶋
7,沖縄
7,鹿野
7,ほんと
7,ディズニー
6,bot
6,ダメ
6,日本
6,溝口
6,簡単
6,苦手
6,マイン
5,OmametanBlack
5,rock
5,w
5,カス
5,大変
5,大阪
5,宮城
5,確か
5,素敵
5,エルフ
5,ダニー
5,真面目
5,かりかり
4,YAHAGIITA
4,iOS
4,うま
4,両角
4,便利
4,公式
4,半沢
4,嫌い
4,無事
4,直樹
4,綺麗
4,良作
4,まどか
4,リアル
3,Check
3,LACMA
3,Photoshop
3,g
3,komugi
3,ロ
3,マジ
3,マン
3,健康
3,勝手
3,夏目
3,得意
3,必要
3,快適
3,本気
3,無駄
3,生田
3,純粋
3,韓国
3,ちあき
3,ゆりえ
3,コール
3,不思議
3,八木山
3,有意義
3,当たり前
3,シンデレラ
3,ナイトメアー・ビフォア・クリスマス
2,Adobe
2,B
2,Boy
2,ChibaAka
2,INFOBAR
2,LINE
2,PR
2,Pika
2,Sidr
2,UI
2,endo
2,mariririrrin
2,photoshopvip
2,webcreatorbox
2,wktk
2,や
2,泣
2,照
2,研
2,れい
2,キモ
2,キレ
2,フツ
2,マイ
2,モン
2,不安
2,偉大
2,切実
2,千本
2,可能
2,夢中
2,大事
2,大量
2,安定
2,完璧
2,山崎
2,微妙
2,愛宕
2,手軽
2,松坂
2,正常
2,毎日
2,池袋
2,渋谷
2,溝端
2,無理
2,照井
2,田尻
2,確実
2,素直
2,自由
2,英国
2,菊田
2,迷惑
2,適当
2,青森
2,いかが
2,きらい
2,サンタ
2,チェコ
2,ハード
2,プラハ
2,マスオ
2,ローズ
2,ワロタ
2,瀬戸川
2,ｗｗｗ
2,ホウエン
2,ニューヨーク
2,フランケンウィニー
1,A
1,BGM
1,Beborm
1,Big
1,COLTS
1,Cacoo
1,Dear
1,Dropbox
1,Facebook
1,Get
1,Hm
1,Illustrator
1,In
1,InDesign
1,Janne
1,Javascript
1,KgVEGRUPvE
1,Leap
1,Little
1,MAD
1,MOMA
1,Memo
1,Nurarihyon
1,O
1,ON
1,Original
1,PC
1,PCCbb
1,PEACH
1,PORTFORIO
1,Part
1,Processing
1,Q
1,Ryoga
1,S
1,SPI
1,SS
1,Thank
1,The
1,Tiger
1,U
1,UX
1,Unity
1,VIPPER
1,VariousMotion
1,WOW
1,WWF
1,WebGL
1,XIEClqBwWJ
1,XUgnQNsi
1,Xfile
1,about
1,atocchan
1,au
1,bmcK
1,brush
1,c
1,chiamoxx
1,colisscom
1,d
1,ggrks
1,hP
1,htt
1,iida
1,iphone
1,k
1,kamidougacom
1,karikariume
1,kinnikuhoshiine
1,kinnikusaikouma
1,ks
1,ktkr
1,kwsk
1,mEEezNTBmL
1,made
1,map
1,mio
1,o
1,orz
1,out
1,qnTtzQ
1,rM
1,rOrUNdte
1,riritasn
1,rix
1,triangulator
1,u
1,vW
1,ver
1,web
1,x
1,xebynikW
1,you
1,笑
1,京
1,仲
1,伊
1,健
1,充
1,勉
1,堺
1,太
1,峰
1,急
1,楽
1,泉
1,米
1,美
1,良
1,萌
1,開
1,いね
1,えり
1,こん
1,すず
1,ちの
1,でぶ
1,はる
1,ひさ
1,ひろ
1,まし
1,みや
1,ゆき
1,ゆみ
1,ゆり
1,りさ
1,エン
1,クラ
1,コス
1,コレ
1,ゴマ
1,スキ
1,チリ
1,トー
1,ハジ
1,バレ
1,ピサ
1,プレ
1,ペン
1,ボン
1,ラフ
1,リア
1,リオ
1,レイ
1,ーー
1,ーヽ
1,丁寧
1,不良
1,不運
1,亀梨
1,今一
1,伊藤
1,佐藤
1,信成
1,優秀
1,北京
1,千代
1,千景
1,千葉
1,半田
1,半端
1,卑怯
1,卑猥
1,原田
1,原研
1,及川
1,台湾
1,地味
1,坂田
1,多様
1,孤独
1,宇野
1,対等
1,岩渕
1,巧妙
1,市原
1,平和
1,強気
1,徹也
1,必死
1,忠実
1,意外
1,愛知
1,懸命
1,我妻
1,日村
1,旧式
1,早坂
1,明宏
1,曖昧
1,最低
1,有名
1,有能
1,未定
1,村野
1,東北
1,松生
1,松田
1,格別
1,様々
1,残念
1,残虐
1,残酷
1,洋子
1,深刻
1,濃厚
1,無限
1,特殊
1,玉島
1,玉森
1,田川
1,異常
1,異様
1,白石
1,神田
1,箭内
1,繊細
1,織田
1,美輪
1,色々
1,英明
1,荒井
1,薄情
1,藤吾
1,複雑
1,詳細
1,道彦
1,適度
1,邪悪
1,関西
1,隼人
1,雅人
1,静か
1,面倒
1,高杉
1,高橋
1,黒金
1,あきほ
1,うかつ
1,きれい
1,さとい
1,とくよ
1,のどか
1,ふじよ
1,めった
1,よし子
1,わらび
1,アリス
1,オマケ
1,カンヌ
1,キター
1,キレイ
1,ジェイ
1,タワー
1,テリー
1,ネイル
1,ハリー
1,ヒルズ
1,ビリー
1,ピュア
1,マツコ
1,ヤバイ
1,ーーー
1,不二子
1,不気味
1,口下手
1,天王寺
1,宇都宮
1,安らか
1,幸楽苑
1,恭一郎
1,意地悪
1,東日本
1,横須賀
1,真っ当
1,表参道
1,道玄坂
1,ＹＯＵ
1,いろいろ
1,おしゃれ
1,こうだい
1,しあわせ
1,やっかい
1,アメリカ
1,オシャレ
1,カルピス
1,カーター
1,ギリシャ
1,サンクス
1,ジャパン
1,スマート
1,スミノフ
1,ピーリカ
1,ポケモン
1,メキシコ
1,モンタナ
1,安倍晴明
1,東京ガス
1,自分勝手
1,赤ずきん
1,なっちゃん
1,エドワード
1,コルドロン
1,ビジュアル
1,プラレール
1,ユーノート
1,ヨイトマケ
1,リザードン
1,ーーーーー
1,めちゃめちゃ
1,ケンタッキー
1,ハローワーク
1,ビックカメラ
1,ｗｗｗｗｗｗ
1,オーストラリア
1,ナンジャタウン
1,ビッグ・アイズ
1,ヴァルヴレイヴ
1,ｗｗｗｗｗｗｗ
1,カンヌ国際映画祭
1,コープスブライド
1,メリー・ポピンズ
1,クレヨンしんちゃん
1,デミグラオムライス
1,イン・ワンダーランド
1,ガッチャマンクラウズ
1,クリストフ・ヴァルツ
1,マーブル・カテドラル